{"cameraMode":{"drawMode":0,"name":"Shaded","section":"Shading Mode"},"sceneLighting":true,"audioPlay":false,"sceneViewState":{"showFog":true,"showMaterialUpdate":false,"showSkybox":true,"showFlares":true,"showImageEffects":true,"showParticleSystems":true},"in2DMode":false,"pivot":{"x":-462.4021911621094,"y":-13.400890350341797,"z":-195.81600952148438},"rotation":{"x":0.005052853375673294,"y":0.738985002040863,"z":0.005541869904845953,"w":-0.6736820936203003},"size":9.39570140838623,"orthographic":true}