{"cameraMode":{"drawMode":0,"name":"Shaded","section":"Shading Mode"},"sceneLighting":true,"audioPlay":false,"sceneViewState":{"showFog":true,"showMaterialUpdate":false,"showSkybox":true,"showFlares":true,"showImageEffects":true,"showParticleSystems":true},"in2DMode":false,"pivot":{"x":-653.0940551757813,"y":0.012822468765079975,"z":341.29364013671877},"rotation":{"x":0.22161422669887544,"y":-0.11261942237615586,"z":0.025765130296349527,"w":0.9682726263999939},"size":22.0,"orthographic":true}